"Type of sample","Mean Age women","SD Age women","n women"
"Clinical","23.9698066298343","7.65903314917127","362"
"General Population","33.0441803591899","9.65857003891051","33078"
"Other","24.1228179143511","4.04726381170317","11001"
"Students","20.202648211952","2.61909825353451","11218"
