"Type of sample","Mean BMI men","SD BMI men","n men"
"General Population","25.508498687664","5.45430971128609","16817"
"Other","26.6731997327989","6.22817635270541","14350"
"Students","25.1309365558912","5.03416918429003","1698"
