"Type of sample","Mean Age men","SD Age men","n men"
"General Population","29.5484355997789","5.4624765063571","16817"
"Other","31.6936731565231","9.88087229802238","14350"
"Students","20.762084592145","3.12063444108761","1698"
