"Type of sample","Mean BMI women","SD BMI women","n women"
"Clinical","20.4992541436464","5.11364640883978","362"
"General Population","25.3570935287542","5.98024096385542","33078"
"Other","27.4782975338107","6.44804295942721","11001"
"Students","22.8007522052927","4.12574979951884","11218"
